#GRP;ID_GROUPAGE;VEHICULE;LONGUEUR_UTILE;LARGEUR_UTILE;HAUTEUR_UTILE;CHARGE_UTILE
GRP;GRP-2026-2001;SEMI 13.60;13600;2450;2700;24000
#OT;ID_ORDRE;ARTICLE;TYPE_PHYSIQUE;QUANTITE;LONGUEUR;LARGEUR;HAUTEUR;DIAMETRE;POIDS_UNITAIRE;GERBABLE;NIVEAUX_MAX
OT;OT-70001;PAL-CAISSE-A;PALETTE;10;1200;800;1450;;320;O;1
OT;OT-70002;CARTON-RSC-40;BOX;60;600;400;400;;6,5;O;4
OT;OT-70003;CARTON-RSC-40;BOX;40;600;400;400;;6,5;O;4
OT;OT-70004;PLAQUE-1600;PLAQUE;900;1600;1200;7;;1,35;N;
OT;OT-70005;TUBE-90-4M;TUBE;30;4000;;;90;12;O;5
OT;OT-70006;BOBINE-1200;BOBINE;4;;1000;;1200;850;N;
OT;OT-70007;PLV-VITRINE;BOX;4;800;600;1800;;45;N;
OT;OT-70008;CALAGE-MOUSSE;BOX;12;600;400;300;;2;O;2
OT;OT-70009;FAISCEAU-TUBES;FAISCEAU;3;5000;600;400;;380;O;2
