#GRP;ID_GROUPAGE;DATE;TRANSPORTEUR;VEHICULE;LONGUEUR_UTILE;LARGEUR_UTILE;HAUTEUR_UTILE;CHARGE_UTILE;LARGEUR_PORTE;HAUTEUR_PORTE
#OT;ID_ORDRE;TYPE_ORDRE;NUM_CDE;LIGNE_CDE;NUM_CADENCE;CLIENT;ARRET;ARTICLE;DESIGNATION;TYPE_PHYSIQUE;QUANTITE;LONGUEUR;LARGEUR;HAUTEUR;DIAMETRE;POIDS_UNITAIRE;GERBABLE;NIVEAUX_MAX;CHARGE_MAX_DESSUS;QTE_MAX_PILE;AU_SOL;AU_SOMMET
GRP;GRP-2026-1002;02/10/2026;TRANSPORTS MARTIN;SEMI 13.60 TOURNEE;13600;2450;2700;24000;2450;2650
OT;OT-51001;CDE;CDE30001;10;;CLIENT LYON;1;PAL-FRUITS;Plateaux fruits sur palette;PALETTE;10;1200;800;1600;;280;O;1;350;;N;N
OT;OT-51002;CAD;CDE30001;20;1;CLIENT LYON;1;CARTON-RSC-40;Carton RSC 400x300x300;BOX;40;400;300;300;;1,2;O;5;40;;N;N
OT;OT-51003;CDE;CDE30010;10;;CLIENT VIENNE;2;PAL-LOURDE;Palette caisses lourdes;PALETTE;6;1200;1000;1300;;650;O;1;700;;N;N
OT;OT-51004;CAD;CDE30010;20;4;CLIENT VIENNE;2;PLAQUE-2000;Plaques 2000x1500 - cadence 4;PLAQUE;600;2000;1500;5;;2,1;N;;;300;N;N
OT;OT-51005;CDE;CDE30022;10;;CLIENT VALENCE;3;PAL-EUR-MIXTE;Palette mixte;PALETTE;8;1200;800;1400;;300;O;1;300;;N;N
OT;OT-51006;CDE;CDE30022;20;;CLIENT VALENCE;3;BAC-PLASTIQUE;Bacs navette;BOX;30;600;400;320;;4;O;5;60;;N;N
GRP;GRP-2026-1003;02/10/2026;LOCAL EXPRESS;PORTEUR 7.20;7200;2450;2400;9000;2400;2300
OT;OT-52001;CDE;CDE30100;10;;CLIENT GRENOBLE;1;PAL-CAISSE-A;Palette caisses;PALETTE;6;1200;800;1400;;320;O;1;400;;N;N
OT;OT-52002;CDE;CDE30101;10;;CLIENT CHAMBERY;2;PAL-CAISSE-B;Palette caisses;PALETTE;8;1200;800;1100;;250;O;1;300;;N;N
OT;OT-52003;CAD;CDE30101;20;2;CLIENT CHAMBERY;2;CARTON-DEMENAG;Cartons déménagement;BOX;40;600;400;400;;6,5;O;4;80;;N;N
